{
  "accuracy": [
    0.21228733658790588,
    0.29307112097740173,
    0.3931312561035156,
    0.45785731077194214,
    0.48827502131462097,
    0.5106638669967651,
    0.5302939414978027,
    0.5459625720977783,
    0.5568917393684387,
    0.5683160424232483,
    0.5763803124427795,
    0.5843737721443176,
    0.5881936550140381,
    0.5924733877182007,
    0.599936306476593,
    0.6053832173347473,
    0.6093092560768127,
    0.6147915124893188,
    0.6164184808731079,
    0.6194602847099304,
    0.6250839829444885,
    0.6297174096107483,
    0.6340324878692627,
    0.6366497874259949,
    0.6414600610733032,
    0.6424503922462463,
    0.6461641788482666,
    0.6475436091423035,
    0.6512573957443237,
    0.6515049934387207,
    0.6593923568725586,
    0.6578360795974731,
    0.661974310874939,
    0.6669614315032959,
    0.6684115529060364,
    0.6706044673919678,
    0.6712765097618103,
    0.6759452223777771,
    0.6886428594589233,
    0.6928164958953857,
    0.6967424750328064,
    0.6977682113647461,
    0.6999610662460327,
    0.6974498629570007,
    0.7080606818199158,
    0.709510862827301,
    0.7118452191352844,
    0.7176104187965393,
    0.7147455215454102,
    0.71824711561203,
    0.7183178067207336,
    0.7187776565551758,
    0.7240123152732849,
    0.7261344790458679,
    0.7196264863014221,
    0.7242599129676819,
    0.7326778173446655,
    0.7311922907829285,
    0.7347292304039001,
    0.7319350838661194
  ],
  "loss": [
    1.9402645826339722,
    1.6736297607421875,
    1.5051575899124146,
    1.3901896476745605,
    1.3217116594314575,
    1.2795207500457764,
    1.2353311777114868,
    1.203635334968567,
    1.17995285987854,
    1.1526814699172974,
    1.1298855543136597,
    1.1152514219284058,
    1.1013141870498657,
    1.0904200077056885,
    1.0740998983383179,
    1.0656752586364746,
    1.050742268562317,
    1.0386191606521606,
    1.032753348350525,
    1.020223617553711,
    1.0143237113952637,
    1.0023831129074097,
    0.998211681842804,
    0.9832344651222229,
    0.9790844321250916,
    0.9718172550201416,
    0.9644787311553955,
    0.9650185704231262,
    0.9477056264877319,
    0.9414609670639038,
    0.9338962435722351,
    0.931395411491394,
    0.9229043126106262,
    0.9116500020027161,
    0.9072837829589844,
    0.907505452632904,
    0.901931881904602,
    0.8918138146400452,
    0.8543662428855896,
    0.8434523344039917,
    0.8311700820922852,
    0.8293871879577637,
    0.8227333426475525,
    0.8237808346748352,
    0.8136483430862427,
    0.802331268787384,
    0.7896654605865479,
    0.779667854309082,
    0.7850803732872009,
    0.7718811631202698,
    0.771041214466095,
    0.7702609300613403,
    0.7633472681045532,
    0.755774736404419,
    0.7595799565315247,
    0.7487754821777344,
    0.7335302233695984,
    0.7435519695281982,
    0.7324085831642151,
    0.7357962727546692
  ],
  "val_accuracy": [
    0.24791283905506134,
    0.37484079599380493,
    0.4446016550064087,
    0.4932786226272583,
    0.43497946858406067,
    0.5262487530708313,
    0.5688410997390747,
    0.4542238712310791,
    0.5889344811439514,
    0.518324613571167,
    0.5573793649673462,
    0.5820008516311646,
    0.5374274849891663,
    0.5999717116355896,
    0.6100183725357056,
    0.6233196258544922,
    0.5943115949630737,
    0.6282722353935242,
    0.6303948163986206,
    0.6286967396736145,
    0.63633793592453,
    0.6378944516181946,
    0.6153954863548279,
    0.6173765659332275,
    0.6517617106437683,
    0.6281307339668274,
    0.6502051949501038,
    0.6555823087692261,
    0.6298288106918335,
    0.641431987285614,
    0.6261497139930725,
    0.6435545682907104,
    0.6632234454154968,
    0.6322343349456787,
    0.6577048301696777,
    0.6360548734664917,
    0.6465260982513428,
    0.6644969582557678,
    0.6729871034622192,
    0.674260675907135,
    0.6678930521011353,
    0.6540257334709167,
    0.6715720891952515,
    0.6664779782295227,
    0.6686005592346191,
    0.6660534739494324,
    0.6797792315483093,
    0.6753926873207092,
    0.6721380949020386,
    0.6826093196868896,
    0.6756756901741028,
    0.6736946105957031,
    0.6820433139801025,
    0.6813358068466187,
    0.6748266816139221,
    0.6872789263725281,
    0.678081214427948,
    0.6845903396606445,
    0.6816188097000122,
    0.678081214427948
  ],
  "val_loss": [
    1.723854660987854,
    1.5346250534057617,
    1.3783601522445679,
    1.2786685228347778,
    1.3820934295654297,
    1.2004287242889404,
    1.0901724100112915,
    1.458547830581665,
    1.0701502561569214,
    1.2363883256912231,
    1.127647042274475,
    1.0482990741729736,
    1.2148882150650024,
    1.029918909072876,
    1.0051782131195068,
    0.974969208240509,
    1.0526515245437622,
    0.9726775884628296,
    0.9726656675338745,
    0.9876489639282227,
    0.9712442755699158,
    0.9579184055328369,
    0.9988082051277161,
    1.0109100341796875,
    0.9331219792366028,
    1.0225684642791748,
    0.9153311848640442,
    0.9144672751426697,
    1.008798360824585,
    0.9297839403152466,
    0.9887847900390625,
    0.9690450429916382,
    0.8790934085845947,
    0.997331976890564,
    0.914219081401825,
    0.9815160036087036,
    0.928429126739502,
    0.8983395099639893,
    0.8887370228767395,
    0.8826093077659607,
    0.8738831877708435,
    0.916130542755127,
    0.8873963952064514,
    0.8961995244026184,
    0.88229900598526,
    0.9272505640983582,
    0.8778387904167175,
    0.8810212016105652,
    0.8861819505691528,
    0.8679158091545105,
    0.9183377623558044,
    0.8948552012443542,
    0.8823761343955994,
    0.8917815685272217,
    0.9139100909233093,
    0.8741976022720337,
    0.8892833590507507,
    0.8859469890594482,
    0.8896344304084778,
    0.8966099619865417
  ],
  "learning_rate": [
    0.0010000000474974513,
    0.0010000000474974513,
    0.0010000000474974513,
    0.0010000000474974513,
    0.0010000000474974513,
    0.0010000000474974513,
    0.0010000000474974513,
    0.0010000000474974513,
    0.0010000000474974513,
    0.0010000000474974513,
    0.0010000000474974513,
    0.0010000000474974513,
    0.0010000000474974513,
    0.0010000000474974513,
    0.0010000000474974513,
    0.0010000000474974513,
    0.0010000000474974513,
    0.0010000000474974513,
    0.0010000000474974513,
    0.0010000000474974513,
    0.0010000000474974513,
    0.0010000000474974513,
    0.0010000000474974513,
    0.0010000000474974513,
    0.0010000000474974513,
    0.0010000000474974513,
    0.0010000000474974513,
    0.0010000000474974513,
    0.0010000000474974513,
    0.0010000000474974513,
    0.0010000000474974513,
    0.0010000000474974513,
    0.0010000000474974513,
    0.0010000000474974513,
    0.0010000000474974513,
    0.0010000000474974513,
    0.0010000000474974513,
    0.0010000000474974513,
    0.0005000000237487257,
    0.0005000000237487257,
    0.0005000000237487257,
    0.0005000000237487257,
    0.0005000000237487257,
    0.0005000000237487257,
    0.0005000000237487257,
    0.0005000000237487257,
    0.0002500000118743628,
    0.0002500000118743628,
    0.0002500000118743628,
    0.0002500000118743628,
    0.0002500000118743628,
    0.0002500000118743628,
    0.0002500000118743628,
    0.0002500000118743628,
    0.0002500000118743628,
    0.0001250000059371814,
    0.0001250000059371814,
    0.0001250000059371814,
    0.0001250000059371814,
    0.0001250000059371814
  ]
}